{"cameraMode":{"drawMode":0,"name":"Shaded","section":"Shading Mode"},"sceneLighting":false,"audioPlay":false,"sceneViewState":{"showFog":true,"showMaterialUpdate":true,"showSkybox":true,"showFlares":true,"showImageEffects":true,"showParticleSystems":true},"in2DMode":false,"pivot":{"x":-8.301365852355957,"y":-2.092963695526123,"z":0.6442532539367676},"rotation":{"x":-0.1624624878168106,"y":0.6205132007598877,"z":-0.13343079388141633,"w":-0.755514919757843},"size":18.744529724121095,"orthographic":false}