{"cameraMode":{"drawMode":0,"name":"Shaded","section":"Shading Mode"},"sceneLighting":false,"audioPlay":false,"sceneViewState":{"showFog":true,"showMaterialUpdate":true,"showSkybox":true,"showFlares":true,"showImageEffects":true,"showParticleSystems":true},"in2DMode":false,"pivot":{"x":8.618927001953125,"y":6.050668716430664,"z":-2.804859161376953},"rotation":{"x":-0.12602759897708894,"y":0.5340642333030701,"z":-0.08087682723999024,"w":-0.832098662853241},"size":79.25001525878906,"orthographic":false}