{"cameraMode":{"drawMode":0,"name":"Shaded","section":"Shading Mode"},"sceneLighting":false,"audioPlay":false,"sceneViewState":{"showFog":true,"showMaterialUpdate":true,"showSkybox":true,"showFlares":true,"showImageEffects":true,"showParticleSystems":true},"in2DMode":false,"pivot":{"x":-0.1944897174835205,"y":0.21063171327114106,"z":0.6904850602149963},"rotation":{"x":0.03779599815607071,"y":-0.014993315562605858,"z":0.0005676037981174886,"w":0.9991762042045593},"size":20.064550399780275,"orthographic":false}