{"cameraMode":{"drawMode":0,"name":"Shaded","section":"Shading Mode"},"sceneLighting":true,"audioPlay":false,"sceneViewState":{"showFog":true,"showMaterialUpdate":true,"showSkybox":true,"showFlares":true,"showImageEffects":true,"showParticleSystems":true},"in2DMode":false,"pivot":{"x":0.23892642557621003,"y":0.14817343652248383,"z":-60.81962203979492},"rotation":{"x":0.03779599815607071,"y":-0.014993315562605858,"z":0.0005676037981174886,"w":0.9991762042045593},"size":1.7363181114196778,"orthographic":false}